ild;openssl;
bitcoin;home;server;ub;grep;
combination;
bitcoin;fail;database;ch;home;attempt;moving;
bitcoin;qt;config;home;server;
bitcoin;qt;ild;ch;config;home;openssl;server;ro;grep;txindex;incompatible;
bitcoin;qt;database;config;home;openssl;debian;
bitcoin;place;
bitcoin;prod;allowed;
bitcoin;ild;fail;gitian;win;openssl;tests;ub;ro;debian;combination;
bitcoin;qt;fail;tests;permission;denied;
bitcoin;server;
bitcoin;identical;

bitcoin;qt;permission;debian;denied;
bitcoin;database;ch;
ild;config;incompatible;
bitcoin;qt;specified;
gitian;missing;
bitcoin;qt;
ild;database;gitian;win;
bitcoin;qt;ild;ch;config;gitian;win;home;
bitcoin;gitian;compile;place;
bitcoin;fail;tests;prod;
bitcoin;ild;database;missing;win;ests;txindex;
qt;config;tests;compile;grep;

database;ch;win;
bitcoin;prod;ro;attempt;
bitcoin;qt;ild;fail;database;ch;
bitcoin;qt;ests;specified;
bitcoin;qt;missing;moving;
bitcoin;qt;server;
bitcoin;qt;missing;ub;
bitcoin;database;
bitcoin;qt;ild;fail;database;config;openssl;ub;html;
fail;ests;
gitian;prod;compile;place;html;identical;
qt;tests;specified;txindex;
bitcoin;qt;ild;missing;win;
bitcoin;qt;missing;html;allowed;
bitcoin;qt;ch;ub;
