bitcoin;qt;ild;
bitcoin;ild;



bitcoin;
bitcoin;qt;fail;



bitcoin;database;config;openssl;

fail;


server;
bitcoin;ub;
ub;

bitcoin;
bitcoin;qt;
bitcoin;ch;
config;
bitcoin;tests;
bitcoin;qt;


bitcoin;database;config;txindex;
database;



bitcoin;

bitcoin;
bitcoin;
tests;


qt;



bitcoin;qt;ild;config;tests;
bitcoin;
bitcoin;database;
bitcoin;
ch;debian;

fail;

bitcoin;database;config;home;


bitcoin;
gitian;
bitcoin;qt;
bitcoin;

bitcoin;
ild;
bitcoin;qt;

bitcoin;qt;config;
bitcoin;qt;database;home;openssl;
bitcoin;grep;ests;

ch;missing;prod;
qt;


specified;

bitcoin;qt;

bitcoin;
bitcoin;config;
bitcoin;
bitcoin;
bitcoin;qt;
missing;
bitcoin;qt;gitian;win;

database;
bitcoin;



bitcoin;qt;
bitcoin;qt;database;home;openssl;
bitcoin;qt;ch;config;
qt;win;
bitcoin;config;
bitcoin;
win;txindex;
qt;ild;
bitcoin;fail;
home;
bitcoin;home;


qt;win;
bitcoin;qt;fail;win;

bitcoin;
bitcoin;server;
bitcoin;qt;config;

bitcoin;qt;database;missing;compile;
bitcoin;qt;ild;fail;database;openssl;
ild;
database;ub;

bitcoin;qt;fail;
bitcoin;
bitcoin;qt;
bitcoin;qt;database;gitian;
bitcoin;
bitcoin;qt;ild;database;missing;

bitcoin;qt;

bitcoin;
bitcoin;config;server;
fail;missing;
qt;
bitcoin;qt;config;
prod;
bitcoin;
fail;
bitcoin;qt;
bitcoin;qt;database;home;
missing;
bitcoin;qt;
ild;database;
bitcoin;qt;

bitcoin;qt;




bitcoin;qt;
bitcoin;qt;
bitcoin;home;

bitcoin;html;
bitcoin;ild;
bitcoin;database;missing;openssl;
bitcoin;

bitcoin;

bitcoin;qt;
bitcoin;server;


bitcoin;fail;tests;
bitcoin;ch;

database;
ild;


bitcoin;win;
bitcoin;


bitcoin;qt;specified;

bitcoin;qt;
database;


ests;
bitcoin;ch;
bitcoin;qt;

bitcoin;ild;ub;
bitcoin;
bitcoin;fail;
bitcoin;qt;
bitcoin;
bitcoin;

bitcoin;qt;
bitcoin;qt;

qt;

bitcoin;
ch;
bitcoin;
bitcoin;qt;
bitcoin;qt;win;
bitcoin;
server;
bitcoin;qt;ild;
bitcoin;



tests;
bitcoin;
bitcoin;


bitcoin;tests;
bitcoin;fail;
bitcoin;database;

ch;home;
bitcoin;home;
bitcoin;ub;
bitcoin;ub;
bitcoin;ub;place;


bitcoin;qt;ild;
bitcoin;qt;
bitcoin;

bitcoin;qt;

bitcoin;server;tests;
bitcoin;


bitcoin;qt;
bitcoin;win;
bitcoin;qt;ild;openssl;
bitcoin;qt;

qt;prod;
bitcoin;qt;server;

bitcoin;database;
server;html;
