day;p;ae;window;
res;password;st;host;
fo;variable;
ok;ae;
makes;
need;wallet;large;mode;window;
happens;st;

p;
post;total;
thread;disabled;st;p;wallet;descriptors;
p;need;

res;p;posix;
read;ffer;past;
thread;res;happens;day;instance;large;
p;

sercontent;needs;
st;
crashed;exe;started;wallet;xp;
st;
happens;p;arg;ment;rrently;within;
fo;res;variable;p;can;not;well;flag;mining;
res;bt;well;optimized;
res;p;can;not;sol;within;

fo;simply;st;need;arg;large;ment;
yet;p;
zero;can;not;addr;
res;instead;makes;ever;host;incorrect;
can;not;mode;
read;started;within;
appears;wallet;
zero;
name;st;p;read;started;anonymo;updatetip;
p;can;not;
st;p;arg;compiling;ment;
fo;res;happens;

st;
look;perhaps;st;needs;
thread;st;
fo;res;add;perhaps;sercontent;st;ndation;
st;
fo;good;kernel;zero;st;p;started;mp;previo;
thread;fo;crashed;long;void;mt;p;show;anonymo;doc;flag;
thread;name;variable;yet;st;need;additional;cond;gnu;optimized;
back;p;
bbb;perhaps;ae;show;well;def;mining;rrently;updatetip;
well;
thread;crashed;name;descriptors;gnu;updatetip;
fo;instead;st;
name;total;p;appears;gnu;updatetip;
res;p;need;ffer;incorrect;
fo;happens;good;yet;sol;
p;rrently;
long;folder;sercontent;
p;
look;day;good;sercontent;went;st;started;
st;libmini;
sercontent;wallet;
fo;day;load;
name;exe;read;wallet;additional;
thread;fo;res;crashed;bbb;disabled;keys;total;st;p;started;wallet;descriptors;optimized;
happens;st;p;sol;
p;updatetip;
long;normal;simply;wallet;previo;
name;folder;
fo;
res;long;p;wallet;ever;
back;previo;
wallet;
thread;crashed;long;kernel;ndation;
res;
res;wallet;mp;operation;sol;
thread;libstdc;clone;
p;past;
instance;read;
instead;p;show;additional;large;
res;makes;appears;
res;p;ae;exe;
res;look;keys;st;correctly;flag;
thread;committing;shed;need;wallet;dbfl;refco;
st;immediately;
look;yet;
p;wallet;
p;show;additional;immediately;

thread;disabled;kernel;sercontent;p;wallet;descriptors;
thread;fo;back;crashed;long;void;add;bbb;kernel;libstdc;makes;mt;specific;total;variable;p;ae;anonymo;cond;def;host;libmini;libraries;ndation;pnpc;ps;
can;not;well;read;
thread;res;name;mt;read;format;operation;
within;
look;wallet;flag;
doc;
post;simply;exe;wallet;

read;
keys;zero;

p;compiling;
bt;st;exe;doc;
st;
occ;show;read;wallet;load;
res;bitcoinrpc;password;st;ae;console;
appears;
bitcoinrpc;password;
back;happens;bbb;committing;p;ae;addr;
thread;committing;day;disabled;normal;shed;st;p;read;wallet;dbfl;descriptors;load;refco;
wallet;
thread;committing;instance;shed;wallet;clone;console;dbfl;refco;
p;
exe;doc;

thread;void;keys;p;
thread;shed;st;wallet;dbfl;previo;refco;
load;
back;crashed;happens;committing;normal;post;specific;st;p;ae;exe;started;ever;libraries;mode;
fo;res;back;occ;p;ae;sign;
wallet;correctly;def;
st;ffer;
p;started;wallet;
res;post;
wallet;mining;
crashed;st;p;wallet;
res;crashed;instead;appears;immediately;needs;xp;
keys;post;st;need;wallet;past;
folder;correctly;
fo;back;day;good;perhaps;went;p;mode;
book;
thread;fo;disabled;makes;p;appears;can;not;wallet;
st;p;started;console;

ok;
thread;fo;crashed;look;name;void;bbb;folder;instead;libstdc;mt;specific;st;p;ae;anonymo;def;host;libmini;libraries;ndation;pnpc;ps;
res;makes;wallet;past;
thread;fo;crashed;look;void;add;bbb;folder;kernel;libstdc;mt;specific;total;variable;p;ae;started;anonymo;cond;def;host;libmini;libraries;ndation;pnpc;posix;ps;
occ;st;wallet;
appears;
thread;st;wallet;
went;p;
ok;immediately;

back;happens;instance;st;started;


appears;read;compiling;
fo;happens;committing;disabled;shed;p;well;wallet;dbfl;format;
perhaps;st;

thread;fo;p;xp;
thread;arg;ment;
well;book;
exe;wallet;correctly;sign;




p;
fo;simply;p;needs;
show;
thread;fo;password;need;well;wallet;previo;
thread;fo;back;look;st;cond;console;mining;ps;
normal;password;p;exe;operation;
appears;can;not;window;
total;p;immediately;

p;
fo;p;
p;wallet;book;
variable;wallet;
st;p;started;
well;
occ;void;bitcoinrpc;shed;st;p;started;refco;
fo;void;normal;ok;p;wallet;rrently;
thread;look;void;show;gnu;libmini;libraries;mp;pnpc;
thread;void;bitcoinrpc;ae;read;gnu;posix;
p;
zero;
res;went;can;not;
show;wallet;incorrect;
ever;
show;rrently;
sign;
thread;res;occ;void;appears;wallet;arg;flag;format;load;ment;
occ;st;p;exe;show;wallet;
happens;read;
read;within;
fo;st;
compiling;
thread;long;specific;p;started;
posix;
p;
name;occ;exe;additional;large;
thread;bt;instance;libstdc;ok;can;not;clone;


p;
read;
yet;
long;p;well;correctly;ever;
p;started;compiling;
res;long;yet;st;p;well;
need;
res;
thread;add;bitcoinrpc;bt;libstdc;mt;st;addr;clone;optimized;posix;
p;sign;
instance;read;

book;
back;keys;st;p;show;wallet;
thread;add;bt;post;st;p;addr;clone;mp;optimized;xp;
occ;needs;
long;occ;good;can;need;not;
look;occ;st;book;sign;window;
res;instead;appears;
wallet;ffer;incorrect;mp;
occ;bt;kernel;p;addr;cond;mode;
look;normal;st;p;show;well;past;
simply;
add;specific;st;wallet;format;
password;went;st;exe;wallet;incorrect;

happens;long;name;ok;simply;p;appears;wallet;console;xp;
fo;
wallet;
perhaps;need;
thread;void;p;
back;folder;zero;st;can;not;wallet;mining;ps;sol;
thread;good;went;read;operation;pnpc;

st;p;


name;format;
fo;started;wallet;
bitcoinrpc;p;need;read;doc;ffer;operation;
