thread;st;p;
fo;ok;can;not;started;mp;rrently;
st;mode;
name;instead;simply;read;wallet;additional;
bitcoinrpc;password;st;need;
thread;void;post;went;st;def;load;updatetip;
p;wallet;descriptors;
show;ps;

res;long;look;bbb;specific;ae;well;doc;format;
occ;total;p;arg;ment;

name;instance;st;posix;
sercontent;

thread;res;happens;st;started;wallet;
fo;day;wallet;
add;
p;needs;
sign;

fo;appears;exe;
p;need;within;
res;look;st;p;exe;addr;
normal;started;ffer;
fo;mt;

thread;committing;disabled;shed;yet;wallet;dbfl;immediately;previo;refco;
st;compiling;sol;
zero;p;read;wallet;ever;
long;makes;well;
back;folder;p;wallet;past;
console;flag;window;
happens;perhaps;appears;
crashed;good;p;ae;
thread;fo;res;void;bt;kernel;libstdc;variable;st;p;show;anonymo;clone;cond;gnu;host;libmini;ndation;optimized;pnpc;
res;occ;large;mining;
thread;p;
crashed;
back;keys;p;read;wallet;book;correctly;incorrect;operation;xp;
p;
can;not;libraries;
