windows vista home premi x bitcoin qt beta crashes intermittently p pool active ally extended period r time fairly freq ently crashes exact time p pool activated know problems related monitoring irc p pool channel seems problem may fairly common;0
qt interface show qr code addresses b dismiss qr code pop p window needs close b tton alongside save expect co ld hit escape keyboard get rid b escape key broken anyway good keyboard dismiss window created sing st mo;0
https bitcointalk org index php topic msg msg unchecking upnp ports doesnt seem save selection;0
https bitcointalk org index php topic msg msg sing proxy option b new gui showing strange ipv looking address proxy field g b f change good;0
bitcoin rc lin x bitcoin qt bitcoin qt gtk warning unable locate theme engine path pixmap bitcoin qt gtk warning unable locate theme engine path pixmap bitcoin qt gtk warning unable locate theme engine path pixmap bitcoin qt gtk warning unable locate theme engine path pixmap exception dbr nrecoveryexception dbenv open db runrecovery fatal error r database recovery bitcoin r naway exception terminate called throwing instance dbr nrecoveryexception dbenv open db runrecovery fatal error r database recovery aborted;0
odd reason enable start bitcoin windows start p placing tick mark options clicking apply tick mark vanishes show witho tick mark thing happens click ok loads tomatically start p starting p sing windows start p folder disabled installed bitcoin beta enable may st gui problem win bit;0
r nning f zzing tests noticed b g new getmininginfo information gavin bitcoind datadir testnet box getmininginfo blocks rrentblocksize rrentblocktx diffic lty errors generate tr genproclimit hashespersec pooledtx testnet tr think hashespersec sho ld greater zero;0
xmonad gnome window manager set p start bitcoin qt window start flicker appears disappears high freq ency hz rrent selected workspace never experienced behavior old client;0
transaction shows date time client received block contains transaction timestamp transaction made block reprod ced sending bitcoins client offlne later client synchronizes blockchain network transaction appears client date time block received time date transaction reception miner block creation expected inconvenient conf sing searched open closed iss b co ld find one version affected qt;0
starts little appears splash screen brief moment tp console log x x rcompany bitcoin qt process forked cannot corefo ndation f nctionality safely must exec x x rcompany bitcoin qt break process forked cannot use corefoundation functionality must exec deb g x x rcompany bitcoin qt process forked cannot corefo ndation f nctionality safely must exec x x rcompany bitcoin qt break process forked cannot use corefoundation functionality must exec deb g x x rcompany bitcoin qt process forked cannot corefo ndation f nctionality safely must exec x x rcompany bitcoin qt break process forked cannot use corefoundation functionality must exec deb g apple nchd ser x x rcompany bitcoin qt job appears crashed b error reportcrash saved crash report bitcoin qt version users looris library logs diagnosticreports bitcoin qt palace nine moons crash reportcrash saved crash report bitcoin qt version users looris library logs diagnosticreports bitcoin qt palace nine moons crash feel free ask details;0
transactions max sigops sigops sho ld added memory pool beca obvio sly never make block probably good idea disconnect clients send ch transactions thanks makomk finding testnet ld iss main net relaying mining standard transactions r nning pdated git head eval backport defines checkmultisig standard transaction type;0
https gith b bitcoin bitcoin blob master src qt locale bitcoin ts fo nd typo see http wikipedia org wiki kilobyte note https gist gith b patch regards carlo;0
getting warning vidalia r nning bitcoin thro gh tor r application sing socks port giving tor ip address applications dns resolves may leak information consider sing socks g via privoxy socat instead information please see http wiki noreply org noreply theonionro ter torfaq socksanddns brief chat tor irc oftc net modify r socks code connect hostname ip address hostname witho tro sing socks socks st ff st work know thin abo socks b hoping somebody else fix;0
error shows exception key error ckey setsecret secret st bytes bitcoin cmyapp onexceptioninmainloop error st q;0
ver bitcoin win windows sp x steps reprod right click bitcoin icon tray left click desktop window except bitcoin res lt context remains open expected context hided;0
ver bitcoin win windows sp x passing help bitcoin qt exe gives nothing message box tp console bitcoin bitcoin qt exe bitcoin bitcoin qt exe help bitcoin;0
reported irc http imageshack photo images capt radetelaih png start amp;0
receive coins via two addresses wallet coins originate sendmany transaction total coins attrib ted first receiving address others show p reprod set p testnet box start bitcoin qt pointing datadir instance start bitcoin qt pointing datadir instance instance create new receiving addresses labeled address address b instance create new transaction sending btc address click add recipient add second payment sending btc address b send payment instance display received btc via address address b show p anywhere;0
noticed bitcoin client getting many connections weird since p behind tor anyone linking ip transactions ran netstat ap grep bitcoin saw bitcoin bypassing proxy config ration opening local port accepting incoming connections tro bling listening sho ld b st giving away ip somehow since peers ld find otherwise ld try connect exit nodes vain maybe accessing irc bootstrap channel witho sing proxy sing version noticed ch behavior regression b tell version introd ced;0
options windows x checking start bitcoin windows system start p hitting apply slight locking p program box becomes nchecked act ally anything hitting ok instead apply yields res lts except options dialog disappears checkbox still checked open options checkbox checked anymore r nning administrator changes;0
key h ckey setsecret const csecret vchsecret potential bignum leak look line ec key regenerate key pkey bn fails throw b bn clear free bn bignum bn bn bn vchsecret bn new bn null throw key error ckey setsecret bn bn failed ec key regenerate key pkey bn throw key error ckey setsecret ec key regenerate key failed bn clear free bn add consistent sho ld p fset false beginning f nction beca resetting pkey p tr f nction everything went ok;0
https gith b bitcoin bitcoin commit f f addaddress pdate nservices ntime mapaddresses address already present new code addrfo nd second addrfo nd nservices addr nservices addrfo nd nservices services added addrfo nd nservices addr nservices fupdated tr old code caddress addrfo nd second addrfo nd nservices addr nservices addrfo nd nservices services added addrfo nd nservices addr nservices fupdated tr iterator mapaddresses second block one modifies addrfo nd ntime b show problem important difference addrfo nd modified addrfo nd modified live version mapaddresses modify copy discarded f nction;0
intermittent crashes bitcoin qt exe server sing rpc commands reprod fairly consistently b nable find set steps reprod time incl ded bottom iss crash bat sed recreate problem fairly consistently ccessf lly reprod ced crash bitcoin qt exe rc nable reprod crash bitcoin exe bitcoind exe bitcoind exe rc reprod ced sing bitcoin qt exe rc windows x windows x sp fa lting application name bitcoin qt exe version time stamp x aa fa lting name bitcoin qt exe version time stamp x aa exception code x fa lt offset x b fa fa lting process id xf fa lting application start time x cca dac fa lting application path users jmack desktop bitcoin rc win bitcoin qt exe fa lting path users jmack desktop bitcoin rc win bitcoin qt exe report id b aa f aff begin crash bat bitcoind exe walletlock bitcoind exe walletlock bitcoind exe walletlock bitcoind exe walletlock bitcoind exe walletlock bitcoind exe walletlock bitcoind exe walletlock bitcoind exe walletlock bitcoind exe walletlock bitcoind exe walletlock bitcoind exe w pa crash bat;0
calling walletlock windows version bitcoin daemon many times via command line json rpc error appears deb g log boost exception detail clone implins error info injectorins thread reso rce erroreeeee boost thread reso rce error checked mber threads belonging bitcoind exe process every time walletlock called thread co nt increases one thread event ally threads limit breached daemon crashes;0
net cpp aro nd line startnode f nction first thing try find local host ip printf printf addrlocalhost addrlocalhost tostring str one line proxy config red bitcoin stn accept incoming connections drops ip address fo nd rewrites second log line nearly printf addrlocalhost addrlocalhost tostring str thing changes fact ip different log get addrlocalhost something addrlocalhost think second printf sho ld disting ished first something like setting addrlocalhost beca proxy incoming connection probably first part one finds local ip sho ldn directly done ation;0
reprod go transaction tab right click transaction type sent label click edit label write anything label field let address field blank click ok res lt bitcoin crash;0
enabling minimise tray application go tray switch workspace application window;0
int h base int operator int b pn nsigned int b pn nsigned int b ret rn think code concept ally wrong connected operator good eno gh p separate f nction problem logical first two int int sho ld zeroed example base int operator const base int int b checks int base int problem present operators beca anything anything anything anything;0
see screenshot ploaded http imageshack photo images capt radetelagw png tested debian wheezy bitcoin rc;1
file net cpp f nction threadsockethandler following lines boost foreach cnode pnode vnodes fd set pnode hsocket fdsetrecv b fdsetrecv size limited items windows connections new connections ccessf lly accepted b packets cannot received tested ation confirm peer sends version message b rrent client dont reply mber connections;0
initial block download new installation laptop battery ended system crashed ddenly blockchain files got corr pted co ldn start bitcoin anymore written https bitcointalk org index php topic msg msg copying relevant part linked message restart tried load bitcoin client got two error pop ps following messages first pop p exception nst ios base fail ree tofile read file bitcoin appinit second pop p exception nst ios base fail ree tofile read file bitcoin cmyapp onunhandledexception clicking ok second pop p nothing happens bitcoin start workaro nd delete block chain files start;0
compiled bitcoin nder vis st dio know pported b b g connected vis st dio h block code inline int hash const std vector nsigned char vch int hash sha vch vch size nsigned char hash int hash ripemd nsigned char hash sizeof hash nsigned char hash ret rn hash problem wallet f nction called empty vch deb g mode vch asserts beca size vector read example http stackoverflow q estions getting address start stdvector;0
cblock getsigopco nt co nts vtx vin scriptsig opco nt sho ldn beca val vtx vin scriptsig random string bytes;0
x clientmodel getoptionsmodel reported x clientmodel getoptionsmodel;0
every time r bitcoin qt closed gracef lly following error appears application asked nregister timer x registered thread fix application;0
r nning version observed co ple lin x servers every weeks daemon crashes restart every instance last entry deb g log one like following added time data samples offset daemon crashes printing list time samples example median offset b last sample printed noticed patterns information provide help narrow problem original posted https bitcointalk org index php topic;0
pywallet remove transactions wallet r bitcoin rescan transactions appear date time set moment ran command time transactions performed;0
followed https gith b bitcoin bitcoin blob master doc readme qt rst order b ild qt windows get following error http img r q gga png;0
options display option nits show amo nts changing clicking apply sho ld pdate gui b ntil click ok;0
bmitting beca dont time reso rces deb g atm need self reminder win walletpassphrase appear relock designated amo nt time sho ld lin x someone check osx well;0
rned comp ter day bitcoin started p pdating block chain sent single coin coin sent edited address address book keep track transaction soon saved message appeared saying bitcoin nexpectedly q restarted program get dbexception inp tp error message downloaded latest version wallet get res lts program open message comes p;0
start bitcoin takes long time main window appear abo following added bitcoin deb g log bitcoin started nothing appears ntil main window appears bitcoin version beta version lin x generic x system lt lang age dk utf lang age file locale dk lc messages bitcoin mo english denmark lt data directory home r bitcoin bo nd port loading addresses dbenv open strlogdir home r bitcoin database strerrorfile home r bitcoin db log main window appears following information added deb g log loaded addresses addresses ms loading block index loadblockindex hashbestchain height block index ms loading wallet nfileversion fgeneratebitcoins ntransactionfee fminimizetotray fminimizeonclose fuseproxy addrproxy fuseupnp wallet ms rescanning last blocks block rescan ms done loading mapblockindex size;0
st b ilt bitcoin rc ub nt downloading blocks notice tho gh bitcoin database directory filled p h ndred log files eating p gb disk space;1
contacted siri get set p qa bitcoin org b bitcoin org domain lacks mail server ggested sing google apps free b gotten response anyone else access bitcoin org domain qa something addresses co ld;0
bitcoin rc beta compile windows sing https gith b bitcoin bitcoin blob master doc b ild msw txt tried b ilding p bitcoin src mingw make bitcoin exe bitcoind exe f mak efile mingw g mthreads w wno invalid offsetof wformat g wxdebug dwin wxmsw windows dnopch duse ssl dboost thread use lib dstaticlib upnp boost db b ild windows openssl win incl wxwidgets mgw lib gcc lib msw wxwidgets incl mini pnpc mgw dgui obj crypter crypter cpp file incl ded db b ild windows db cxx h headers h crypter cpp db b ild windows db h error conflicting declaration typedef int ssize mingw lib gcc mingw incl sys types h error ssize previo declaration typedef ssize ssize mingw make obj crypter error;0
bitcoind help shows help file reference encryptwallet bitcoind help encrypted wallet encryptwallet longer help text;0
b ilding rc ub bt via make f makefile nix ret rns following errors warnings cpp member f nction virt void cmainframe oniconize wxiconizeevent cpp warning bool wxiconizeevent iconized const deprecated declared sr local incl wx wx event h cpp warning bool wxiconizeevent iconized const deprecated declared sr local incl wx wx event h cpp f nction void setstartonsytstemstart p bool cpp error class boost filesystem path member named native file string make obj error;1
tried download rce gith b download link b ilding correctly errors getting https bitcointalk org index php topic msg msg open https gith b bitcoin bitcoin see download b tton right hand side page gray know p shed tomatically create versions;0
try setacco nt method address acco nt get new addresses assigned acco nt b st ndoc mented feat;0
q ote https gith b bitcoin bitcoin commit cb f cebd f aeba acefe commitcomment edit states lt key sed target payo ts mining correct might problematic co ld res lt loss f nds miners miners one block sing payo address coinbase transactions block identical res lts identical sha hash res lts b first one nidentifiable hence nspendable ppose might aware b wanted point st prevent possibility expensive conseq ence somebody else;0
provide valid address b different block chain g ess example cm iqhu dlnzsi b ddfm gm working testnet bitcoind ret rns following object address msh opwvat vrbjx nd w gvdotbc ismine false isvalid tr completely nrelated original req tested thoro ghly yet pdate data;0
every time close bitcoin raises unknown exception bitcoin cmyapp onunhandledexception segfa lt nvidia geforce driver vea name lin x lin xhost arch smp preempt sat g cest amd athlon tm xp thenticamd gnu lin x x version pre release version x server x org fo ndation pported way b gs may filed b gzilla http b gs freedesktop org select xorg prod ct b gs find release reporting b gs pre release versions please check latest version x org fo ndation git repository see http wiki x org wiki gitpage git access instr ctions x org x server rc release date x protocol version revision b ild operating system lin x arch rrent operating system lin x lin xhost arch smp preempt sat g cest kernel command line boot image arch fallback ro root b ild date g st rrent version pixman reporting problems check http wiki x org make latest version;0
hi notice r bitcoind exe get windows console expected however pressing ctrl clicking x close window exception occ r terminate called throwing instance dbexception dbenv close invalid arg ment application req ested r ntime terminate way please contact application pport team information realise stop rpc command b ld possible allow termination way thanks;0
bitcoin r nning xorg server eats available cpu time bitcoin r nning version beta;0
wallet transactions parameter listtransactions sed bitcoin client crashes;0
problem hi r nning bitcoind exe nder windows testnet flag shows program files x bitcoin daemon bitcoind exe testnet warning bitcoind st set rpcpassword password config ration file users andrew appdata roaming bitcoin testnet bitcoin conf file exist create owner readable file permissions created verified file existed location rpcpassword rpc ser etc lines set error persisted ro nd iss indicates config file really read users andrew appdata roaming bitcoin bitcoin conf testnet contrary error message says created users andrew appdata roaming bitcoin testnet conf ran bitcoind exe testnet conf testnet conf problem disappeared solution error message sho ld pdated point right config file bitcoind exe looking instead misleading thanks;0
https bitcointalk org index php topic latest version git released client creating new key freeze client appears ch freq ent blocks transactions download digging code try find think reason caddressbookdialog onb ttonnew grabs cs vmasterkey calls pwalletmain getorre sekeyfrompool getorre sekeyfrompool calls reservekeyfromkeypool attempts grab cs main meanwhile processmessages grabs cs main calls processmessage processmessage calls syncwithwallets either directly receiving tx indirectly receiving block via processblock acceptblock addtoblockindex setbestchain connectblock syncwithwallets syncwithwallets calls addtowalletifinvolvingme addtowalletifinvolvingme calls cwallet ismine calls global ismine ismine const ckeystore keystore const cscript scriptp bkey calls keystore getp bkey ccryptokeystore getp bkey grabs cs vmasterkey deadlock critical sections protect something small well defined tho gh q ite cs main pposed protecting ld generate p req except gly hack b good fix final strategy going wallet encryption whether p blic keys going encrypted new git yet skilled rebasing commits incl changes;0
bitcoind sendfrom error response server compiled deb gging crashed assert bash h x assert fail lib libc x dd cbitcoinaddress gethash x base h x dd cscript setbitcoinaddress x address script h x cwallet sendmoneytobitcoinaddress x address nval wtxnew faskfee false wallet cpp x f sendfrom params fhelp false rpc cpp x fec threadrpcserver parg x rpc cpp need check address isvalid rpc cpp calling sendmoneytobitcoinaddress think rpc calls take address problem;0
rm f bitcoin wallet bitcoind daemon keypool bitcoin server starting bitcoind getacco ntaddress foo ht xu ngenf yocz sacnnlw rk bitcoind getacco ntaddress bar ht xu ngenf yocz sacnnlw rk pkill bitcoind rm f bitcoin wallet bitcoind daemon keypool bitcoin server starting bitcoind getacco ntaddress foo ht xu ngenf yocz sacnnlw rk bitcoind getacco ntaddress bar ht xu ngenf yocz sacnnlw rk get address generated ltiple acco nts ltiple wallets btc address already apparently permanently lost see https bitcointalk org index php topic msg msg perhaps sho ldn trying keypool b sho ldn allowed;0
report sec rity researcher sho ld disabling listener tcp ftor set;0
http bitcoin org index php topic;0
error reported sing bitcoin client tr ecrypt exception boost exception detail clone implins error info injectorins filesystem basic filesystem errorins basic pathissns path traitseeeeeeeee boost filesystem create directory permission denied h program files x bitcoin bitcoin exe appinit least cases seems permission error ret rned attempt made create directory already exists caller ldn permission create directory exist cases creating data directory makes logical sense example data directory root usb drive windows system cases create directory throw exception client sho ld p create directory calls try catch block exception taken code sho ld check directory exists ignore exception;0
mining pools send rewards first transactions block transactions look like generated blockexplorer tools detect list reward adresses b bitcoin client transactions get lt acco nt listtransactions gettransaction show amo nt bitcoins transactions id think ld nice req gettransatstion array details added field address specified correctly acco nt;0
src common evtloopcmn cpp assert assert fail failed yield wxyield called rec rsively bitcoin client version clicking transactions tab sent received tab give eno gh time toggle back previo one get assertion error wait second clicks works fine b toggle q ickly two replicate consistently sing lin x binaries;0
using mac x mo wheel scrolling work transactions lists address lists balance selectable copy paste val accessing preferences window shortc key sho ld mac niversal shortc prefs command thank r time;0
p shing cancel b tton new add encryption dialog triggers nexpected message pplied passphrase short change passphrase dialog passphrase entered wallet decryption incorrect little effort co ld look little bit professional;0
ibase cpp statictextmain new wxstatictext wxid prod ct incl software developed openssl project openssl toolkit http www openssl org cryptographic software written eric ng eay cryptsoft upnp software written thomas bernard b abo dialog see lines text first line last word wrapped onto nd line contains word rd displayed line openssl line eric bernard line displayed see attach screenshot ub nt r nning xfce desktop environment bitcoin beta;0
nch bitcoin g client nder kde fedora option minimize system tray generates lot blank spaces time maximize client disappears tray b leaves blank space minimize client bitcoin icon tray appears new position res lt see http img imageshack btcb g jpg happen bitcoin gui r nning;0
lin x clients options find wording start bitcoin window system start p window system start p think;0
lt cid install probably many platforms increase application font size creates co ple sability iss balance label gets covered p main notebook widget resizing window help settings options dialog gets tr ncated balance label made p sh rest ui needed like gtk options window easily fixable making resizable thanks looking;0
say receiving addresses r wallet named transaction tp ts bitcoin show one transaction gui th affecting amo nts received added;0
hi one fo nders bitcoins lc experiencing problems bitcoind backend error consists mainly amo nt connections bitcoind p shpoold insane fact bitcoind pport keep alive rpc connections p shpoold based pon libc rl sho ld able box new getwork req clients opens p new connection bitcoind p shpoold transfeer data co ld anyone please take look problem gladly pay btc implementing keep alive patch bitcoin jim;0
find b g b reporting see http bitcoin org index php topic msg msg enter amo nt sent client sends us localized g ys st add example germany nat ral way type us ld typed consistent kinds localizations operating system german ser likely send ch higher amo nt intended b g confirmed beta client windows dennis beta client lin x self compilation mself since client r nning testnet rrently testing parsed error amo nt reparsed prod error amo nt prod error amo nt reparsed means following enter pon send displayed amo nt changes get error fficient f nds btc rrent testnet acco nt normal behavio r client ass ld st lose developer information b g src cpp parsemoney partic lar line f nction explicitly checks interprets american english digit gro ping symbol checks digit comma three digits g one million dollars written beca considered valid even tho gh makes sense even digit gro ping perspective say several patches order sho ld considered valid interpreted digit gro ping parsemoney sho ld locale sensitive onb ttonsend sho ld display valid interpreted line nval ask confirmation necessary beca b gs like likely crop p long time st aro nd good idea give ser second chance verify inp;0
following bitcoind setacco nt nknown address label adds new sending address address book gui using bitcoind setacco nt known sending address label rename sending address listed address book fine b time pop p new receiving address labeled old name behavior q ite conf sing think expected;0
sending addresses address book checked validity using gui added space sending address p rpose long time co ld fig label displayed list transactions think addresses sho ld checked validity using setacco nt bitcoind validity addresses checked another iss setacco nt b think deserves separate report;0
acco nt transaction mbering becomes incorrect crossing ltiple acco nts demonstration bitcoind listtransactions acco nt category generate amo nt confirmations txid b abebc bbd f eae bff db time acco nt test address mm nwprm sv qclywo ah pq aobgkbcz category receive amo nt confirmations txid eb feec f df aac cddf bc ec dadb fcb time acco nt address mm nwprm sv qclywo ah pq aobgkbcz category send amo nt fee confirmations txid eb feec f df aac cddf bc ec dadb fcb time ld nat ral ass list second transaction mber one co nting zero ld transaction test acco nt b instead get third transaction bitcoind listtransactions acco nt category generate amo nt confirmations txid b abebc bbd f eae bff db time;0
acco nt listtransactions reports transactions arg ments way past last act transactions available test high mbers bitcoind listtransactions acco nt category generate amo nt confirmations txid dfdb b f b fa b b b b f dd aafe aa f time act ally transaction b rather transaction bitcoind listtransactions acco nt category generate amo nt confirmations txid dfdb b f b fa b b b b f dd aafe aa f time realize transactions act ally mbered b behavior nexpected seem happen acco nts;0
restoring wallet back p coins sent offline transactions show p replacing blockchain one last block older first transaction let new blocks downloaded software replacing wallet leaving blockchain p date transactions moment onwards ld show p problem still exists even newest version client;0
listreceivedbyaddress getaddressesbyacco nt ret rn receiving b sending addresses address book http bitcoin org index php topic;0
exception st bad alloc std bad alloc program files x bitcoin bitcoin exe cmyapp onexceptioninmainloop received block bytes received block b setbestchain new best b height work mainframerepaint processblock accepted sending inv bytes sending inv bytes sending inv bytes sending inv bytes sending inv bytes sending inv bytes sending inv bytes sending inv bytes sending inv bytes received block bytes received block f setbestchain new best f height work mainframerepaint processblock accepted sending inv bytes sending inv bytes sending inv bytes sending inv bytes sending inv bytes sending inv bytes sending inv bytes sending inv bytes sending inv bytes received block bytes received block delayedrepaint setbestchain new best height work mainframerepaint processblock accepted sending inv bytes sending inv bytes sending inv bytes sending inv bytes sending inv bytes sending inv bytes sending inv bytes sending inv bytes sending inv bytes exception st bad alloc std bad alloc program files x bitcoin bitcoin exe cmyapp onexceptioninmainloop delayedrepaint dbfl sh false addr refco nt threadmessagehandler exiting threadsockethandler exiting addr fl sh blkindex refco nt blkindex fl sh threadircseed exiting upnp deleteportmapping ret rned threadmapport exiting stopnode dbfl sh tr bitcoin exiting;0
process bitcoin path users herok applications bitcoin bitcoin app contents macos bitcoin identifier org bitcoin bitcoin version code type x native parent process nchd date time version mac x report version exception type exc bad access sigsegv exception codes kern invalid address x f crashed thread thread dispatch q apple main thread libsystem b dylib x ee nmap unix org bitcoin bitcoin x cdc dbtxn set parent dbtxn org bitcoin bitcoin x ee fa dbtxn set parent dbtxn org bitcoin bitcoin x ee dbtxn set parent dbtxn org bitcoin bitcoin x aac dbtxn set parent dbtxn org bitcoin bitcoin x dbtxn set parent dbtxn org bitcoin bitcoin x dbtxn set parent dbtxn org bitcoin bitcoin x dbtxn set parent dbtxn org bitcoin bitcoin x db dbt db dbt org bitcoin bitcoin x eeedd boost exception detail error info injectorboost gregorian bad year error info injector libsystem b dylib x f cxa finalize libsystem b dylib x b exit apple appkit x bfc nsapplication terminate apple appkit x nsapplication terminatesendsho ld apple corefo ndation x edd invoking apple corefo ndation x nsinvocation invoke apple fo ndation x b nsfiretimer apple corefo ndation x adb cfr nloopr apple corefo ndation x cfr nloopr nspecific apple corefo ndation x cfr nloopr ninmode apple hitoolbox x ece r nc rrenteventloopinmode apple hitoolbox x ecbb receivenexteventcommon apple hitoolbox x eca blockuntilnexteventmatchinglistinmode apple appkit x dpsnextevent apple appkit x fce nsapplication nexteventmatchingmask ntildate inmode deq apple appkit x nsapplication r org bitcoin bitcoin x f wxdisclos retrianglecocoaimpl wxdisclos retrianglecocoaimpl org bitcoin bitcoin x wxmimetypesmanagerimpl utimap operator wxstring const org bitcoin bitcoin x wxanyval etypeimplwxstring convertval wxanyval eb ffer const wxanyval etype wxanyval eb ffer const org bitcoin bitcoin x wxiconreso rcehandler wxiconreso rcehandler org bitcoin bitcoin x wxhashtable wxhashtable org bitcoin bitcoin x exitthread nsigned int org bitcoin bitcoin x std rb tree std string std string std identity std string std lessstd string std allocatorstd string erase std rb tree nodestd string thread dispatch q apple libdispatch manager libsystem b dylib x kevent libsystem b dylib x dispatch mgr invoke libsystem b dylib x f dispatch q invoke libsystem b dylib x dispatch worker thread libsystem b dylib x pthread wqthread libsystem b dylib x b start wqthread thread libsystem b dylib x aa connect unix org bitcoin bitcoin x ctransaction readfromdisk cdisktxpos sfile org bitcoin bitcoin x cb ctransaction readfromdisk cdisktxpos sfile org bitcoin bitcoin x cf ctransaction readfromdisk cdisktxpos sfile org bitcoin bitcoin x ctransaction readfromdisk cdisktxpos sfile org bitcoin bitcoin x ctransaction readfromdisk cdisktxpos sfile libsystem b dylib x b fd pthread start libsystem b dylib x b thread start thread libsystem b dylib x b workq kernret rn libsystem b dylib x f pthread wqthread libsystem b dylib x b start wqthread thread crashed org bitcoin bitcoin x dbtxn set parent dbtxn org bitcoin bitcoin x bdc dbtxn set parent dbtxn org bitcoin bitcoin x f db dbt db dbt org bitcoin bitcoin x b f operator cbign const cbign const org bitcoin bitcoin x fa bool cwalletdb writesetting int std string const int const libsystem b dylib x b fd pthread start libsystem b dylib x b thread start thread crashed x thread state bit eax x f ebx x ecx x ae edx x f edi x esi x ebp xb b esp xb b ss x f efl x eip x cs x ds x f x f fs x f gs x cr x f binary images x x ffb org bitcoin bitcoin df faa users herok applications bitcoin bitcoin app contents macos bitcoin usb device bl etooth usb host controller x ac apple inc x x usb device ir receiver x ac apple inc x x usb device apple internal keyboard trackpad x ac apple inc x x;0
using version rc windows got fa cet confirmations time tried send sent small transaction dialog popped p saying ld need pay fee accepted pressing yes transaction posted took balance leaving instead sho ld left act ally taken transaction http blockexplorer tx fb f eaafe b ddbf f b notice amo nt transaction instead possibly related b g fact forms interface hard coded accept decimal places beyond two seems like co ld problems sending amo nts small even alleged new transaction fee;0
system mining disabled nothing b addaddress calls according deb g log iops second likely small ops beca total thro ghp mb bog system considerably aven improvement might b lk p ts selective storage addresses disabling fsync address db;0
failing sometimes bool wildcardmatch const char psz const char mask loop switch mask case ret rn psz case ret rn wildcardmatch psz mask psz wildcardmatch psz mask case psz ret rn false break lt psz mask ret rn false break psz mask working always bool wildcardmatch const char psz const char mask loop mask ret rn psz else mask ret rn wildcardmatch psz mask psz wildcardmatch psz mask else mask psz ret rn else psz mask ret rn psz mask;0
delete operator sho ld sed instead delete https gith b bitcoin bitcoin blob b f b f dd eb src cpp https gith b bitcoin bitcoin blob b f b f dd eb src cpp;0
sability iss several areas text appears large fit designated areas spect co ld beca windows set dpi rather lt iss applies rc take screenshots needed examples options dialog nothing explanation transaction fees seen except ok cancel apply transaction fee option options seen window resized send coins dialog send cancel b ttons initially visible however window resized seen abo dialog license declaration mangled appears follows pre distrib ted nder x software license see accompanying file license txt pre;0
checking home ssh bitcoin src cpp home ssh bitcoin src cpp error mismatching allocation deallocation p home ssh bitcoin src cpp error mismatching allocation deallocation p checking home ssh bitcoin src cpp gui checking home ssh bitcoin src cpp wxmac osx checking home ssh bitcoin src cpp wxmsw files checked done;0
list possible memory leak problems fo nd static analysis tool home ssh bitcoin src ibase h possible error memory leak cmainframebase bar home ssh bitcoin src ibase h possible error memory leak cmainframebase file home ssh bitcoin src ibase h possible error memory leak cmainframebase help home ssh bitcoin src ibase h possible error memory leak cmainframebase statictext home ssh bitcoin src ibase h possible error memory leak cmainframebase b ttonnew home ssh bitcoin src ibase h possible error memory leak cmainframebase b ttoncopy home ssh bitcoin src ibase h possible error memory leak cmainframebase statictext home ssh bitcoin src ibase h possible error memory leak cmainframebase statictextbalance home ssh bitcoin src ibase h possible error memory leak cmainframebase choicefilter home ssh bitcoin src ibase h possible error memory leak cmainframebase notebook home ssh bitcoin src ibase h possible error memory leak cmainframebase panel home ssh bitcoin src ibase h possible error memory leak cmainframebase panel home ssh bitcoin src ibase h possible error memory leak cmainframebase panel home ssh bitcoin src ibase h possible error memory leak cmainframebase panel home ssh bitcoin src ibase h possible error memory leak cmainframebase options home ssh bitcoin src ibase h possible error memory leak cmainframebase textctrladdress home ssh bitcoin src ibase h possible error memory leak cmainframebase listctrlall home ssh bitcoin src ibase h possible error memory leak cmainframebase listctrlsentreceived home ssh bitcoin src ibase h possible error memory leak cmainframebase listctrlsent home ssh bitcoin src ibase h possible error memory leak cmainframebase listctrlreceived home ssh bitcoin src ibase h possible error memory leak ctxdetailsdialogbase htmlwin home ssh bitcoin src ibase h possible error memory leak ctxdetailsdialogbase b ttonok home ssh bitcoin src ibase h possible error memory leak coptionsdialogbase listbox home ssh bitcoin src ibase h possible error memory leak coptionsdialogbase scrolledwindow home ssh bitcoin src ibase h possible error memory leak coptionsdialogbase panelmain home ssh bitcoin src ibase h possible error memory leak coptionsdialogbase checkboxstartonsystemstart p home ssh bitcoin src ibase h possible error memory leak coptionsdialogbase checkboxminimizetotray home ssh bitcoin src ibase h possible error memory leak coptionsdialogbase checkboxuseupnp home ssh bitcoin src ibase h possible error memory leak coptionsdialogbase checkboxminimizeonclose home ssh bitcoin src ibase h possible error memory leak coptionsdialogbase checkboxuseproxy home ssh bitcoin src ibase h possible error memory leak coptionsdialogbase statictextproxyip home ssh bitcoin src ibase h possible error memory leak coptionsdialogbase textctrlproxyip home ssh bitcoin src ibase h possible error memory leak coptionsdialogbase statictextproxyport home ssh bitcoin src ibase h possible error memory leak coptionsdialogbase textctrlproxyport home ssh bitcoin src ibase h possible error memory leak coptionsdialogbase statictext home ssh bitcoin src ibase h possible error memory leak coptionsdialogbase statictext home ssh bitcoin src ibase h possible error memory leak coptionsdialogbase textctrltransactionfee home ssh bitcoin src ibase h possible error memory leak coptionsdialogbase paneltest home ssh bitcoin src ibase h possible error memory leak coptionsdialogbase statictext home ssh bitcoin src ibase h possible error memory leak coptionsdialogbase statictext home ssh bitcoin src ibase h possible error memory leak coptionsdialogbase b ttonok home ssh bitcoin src ibase h possible error memory leak coptionsdialogbase b ttoncancel home ssh bitcoin src ibase h possible error memory leak coptionsdialogbase b ttonapply home ssh bitcoin src ibase h possible error memory leak cabo tdialogbase bitmap home ssh bitcoin src ibase h possible error memory leak cabo tdialogbase statictext home ssh bitcoin src ibase h possible error memory leak cabo tdialogbase statictextmain home ssh bitcoin src ibase h possible error memory leak cabo tdialogbase b ttonok home ssh bitcoin src ibase h possible error memory leak cabo tdialogbase statictextversion home ssh bitcoin src ibase h possible error memory leak csenddialogbase statictextinstr ctions home ssh bitcoin src ibase h possible error memory leak csenddialogbase bitmapcheckmark home ssh bitcoin src ibase h possible error memory leak csenddialogbase statictext home ssh bitcoin src ibase h possible error memory leak csenddialogbase textctrladdress home ssh bitcoin src ibase h possible error memory leak csenddialogbase b ttonpaste home ssh bitcoin src ibase h possible error memory leak csenddialogbase b ttonaddress home ssh bitcoin src ibase h possible error memory leak csenddialogbase statictext home ssh bitcoin src ibase h possible error memory leak csenddialogbase textctrlamo nt home ssh bitcoin src ibase h possible error memory leak csenddialogbase statictext home ssh bitcoin src ibase h possible error memory leak csenddialogbase choicetransfertype home ssh bitcoin src ibase h possible error memory leak csenddialogbase b ttonsend home ssh bitcoin src ibase h possible error memory leak csenddialogbase b ttoncancel home ssh bitcoin src ibase h possible error memory leak csendingdialogbase statictextsending home ssh bitcoin src ibase h possible error memory leak csendingdialogbase textctrlstat home ssh bitcoin src ibase h possible error memory leak csendingdialogbase b ttonok home ssh bitcoin src ibase h possible error memory leak csendingdialogbase b ttoncancel home ssh bitcoin src ibase h possible error memory leak cyo raddressdialogbase statictext home ssh bitcoin src ibase h possible error memory leak cyo raddressdialogbase listctrl home ssh bitcoin src ibase h possible error memory leak cyo raddressdialogbase b ttonrename home ssh bitcoin src ibase h possible error memory leak cyo raddressdialogbase b ttonnew home ssh bitcoin src ibase h possible error memory leak cyo raddressdialogbase b ttoncopy home ssh bitcoin src ibase h possible error memory leak cyo raddressdialogbase b ttonok home ssh bitcoin src ibase h possible error memory leak cyo raddressdialogbase b ttoncancel home ssh bitcoin src ibase h possible error memory leak caddressbookdialogbase notebook home ssh bitcoin src ibase h possible error memory leak caddressbookdialogbase panelsending home ssh bitcoin src ibase h possible error memory leak caddressbookdialogbase statictext home ssh bitcoin src ibase h possible error memory leak caddressbookdialogbase listctrlsending home ssh bitcoin src ibase h possible error memory leak caddressbookdialogbase panelreceiving home ssh bitcoin src ibase h possible error memory leak caddressbookdialogbase statictext home ssh bitcoin src ibase h possible error memory leak caddressbookdialogbase listctrlreceiving home ssh bitcoin src ibase h possible error memory leak caddressbookdialogbase b ttondelete home ssh bitcoin src ibase h possible error memory leak caddressbookdialogbase b ttoncopy home ssh bitcoin src ibase h possible error memory leak caddressbookdialogbase b ttonedit home ssh bitcoin src ibase h possible error memory leak caddressbookdialogbase b ttonnew home ssh bitcoin src ibase h possible error memory leak caddressbookdialogbase b ttonok home ssh bitcoin src ibase h possible error memory leak caddressbookdialogbase b ttoncancel home ssh bitcoin src ibase h possible error memory leak cgettextfromuserdialogbase statictextmessage home ssh bitcoin src ibase h possible error memory leak cgettextfromuserdialogbase textctrl home ssh bitcoin src ibase h possible error memory leak cgettextfromuserdialogbase statictextmessage home ssh bitcoin src ibase h possible error memory leak cgettextfromuserdialogbase textctrl home ssh bitcoin src ibase h possible error memory leak cgettextfromuserdialogbase b ttonok home ssh bitcoin src ibase h possible error memory leak cgettextfromuserdialogbase b ttoncancel;0
possible memory leak error cpp bitcoin src cpp possible error memory leak pdialog first level analysis recommended;0
st pasting error shown tool db h file alone bitcoin src db h possible error memory leak cdb pdb first level analysis recommended;0
rpc cpp seems getdiffic lty f nction tr ncation problem already observer co ld lead f rther problems p division zero http blockexplorer b diffic lty bits b bitcoin exe getdiffic lty moment hextarget b maxtarget ffff divide res lt val block info problem getdiffic lty f nction int nshift fit int dminim cbign setcompact bnproofofworklimit getcompact nshift get int dc rrently cbign setcompact pindexbest nbits nshift get int ret rn dminim dc rrently bnproofofworklimit nshift x fff nbits nshift x ret rn observe bitcoin client blockexplorer getdiffic lty mantissa bits hextarget sed problem increase diffic lty billions get divison zero;0
hi get following error message beta trying send transaction btc another ser src gtk dialog cpp assert assert fail failed endmodal either wxdialog endmodal called twice showmodal called;0
remaining balance sending transaction ld less bcent remainder sent transaction example btc wallet send btc transaction act ally send btc leave bcent amo nt;0
hi getting whenever r bitcoin bits machine deb g src gtk settings cpp assert font isok wxfonten merator isvalidfacename font getfacename failed getfont anyone else;1
sing hardened gentoo trying compile bitcoin toolchain see error g sr incl db dfourwaysse duse ssl duse upnp dnopch wno invalid offsetof wformat march core mfpmath sse mmmx msse msse mssse pipe sr lib wx incl gtk nicode sr incl wx file offset bits dwxusingdll wxgtk pthread dgui obj rpc rpc cpp main cpp f nction void callcpuid int int int main cpp error register clobbered ebx asm main cpp f nction bool detect bitsse main cpp error register clobbered ebx asm main cpp error register clobbered ebx asm make obj main error adding fno option compiles ccessf lly b show segmenation fa lt starting additional info http paste pocoo org show http paste pocoo org show information fix iss see http hardened gentoo org fix g ide xml;0
getbalance getbalance ret rn different amo nts confirmation transactions beca way change transactions co nted discrepancy resolves soon transaction accepted block details cwallettx isconfirmed ret rns false least confirmation transactions loaded wallet beca missing vtxprev pporting transactions iss beca getbalance send methods co nt tp ts confirmed transactions available b getamo nts sed getbalance ass change txo ts always available spent;0
two apple icons two settings second apple icon linked bolded bitcoin two settings labels linked clicking second one opens first one client beta;0
conf arg ment sho ld one needs order tell bitcoin find data directory f lly initialize bitcoin reads specified config ration file path learns data directory location details initializes however testing conf config rations datadir specified inside bitcoin conf fails sed desired data directory instead falling back lt bitcoin;0
st downloaded bitcoin windows click address book get error src msw toplevel cpp assert assert fail failed seticons icon b ndle contain itable icon stop program choose cancel ppress f rther warnings help abo shows bitcoin version beta;0
copy pasting original b g report posted fl xbox b g tracker http rceforge net tracker f nc detail aid gro p id atid gui virt rrency program bitcoin http bitcoin org show p st small blinking phenomenon ring less one second program nch task bar sing gnome panel program works fine nder gnome another report thing happening fl xbox bitcoin bitcoin still shows p top seems r nning normally even tho gh nothing shows p co ld incompatibility wxwidgets versions tested fl xbox fl xbox ub nt maverick bitcoin got answer date utc sender akir ld point bitcoins code sho ld fix application https gith b bitcoin bitcoin blob master cpp;0
following commit appears broken daemon mode bitcoind compile b f db ffe fe first bad commit commit b f db ffe fe thor matt gi matt gi gmail date sat feb makefile nix removed red ndant wx config defs incl ded twice changed wx config cppflags cxxflags difference pposed b cppflags incl pthread b aa cb b f eccf f aded f f cff dfab f makefile nix;0
see http www bitcoin org smf index php topic b ffer sho ld permit largest block;0
process bitcoin path applications bitcoin app contents macos bitcoin identifier org bitcoin bitcoin version code type x native parent process nchd interval since last report sec crashes since last report app interval since last report sec app crashes since last report date time version mac x report version anonymo uuid ef b b exception type exc breakpoint sigtrap exception codes x x crashed thread dyld error message symbol fo nd fopen unix referenced applications bitcoin app contents macos bitcoin expected sr lib libsystem b dylib model macbook bootrom mb b processors intel core ghz gb graphics khw intelgma item gma spdisplays b iltin spdisplays integrated vram memory global name airport spairport wireless card type airport extreme x x bl etooth version f service devices incoming serial ports network service b ilt ethernet ethernet network service airport airport serial ata device st gb parallel ata device matshitacd rw cw usb device book usb device b ilt isight usb device cr zer micro usb device apple internal keyboard trackpad usb device ir receiver usb device bl etooth usb host controller;0
rrently backlog transactions dont seem make blocks b ilding p according artforz transactions people starting complain see http www bitcoin org smf index php topic msg msg example disc ssed bitcoin dev artforz tx sho ld score artforz falls short dpriority coin test artforz tx size fallowfree never tr theymos ah never confirm artforz probably artforz looks like tx sending code needs fixing molec lar like generate tx score low ggest add fee artforz yep artforz check size priority transaction kb score req ire fee artforz maybe red size limit k otherwise get otherwise empty block seems imply possiblity attack node ram since tx q kept ram maybe transaction cache sho ld nlimited;0
explained http www bitcoin org smf index php topic msg msg experienced beca shared one private keys everyone b happen two separate wallet files two machines example private key spending money one wallet show p withdrawal beca scanning inp ts wallet tp ts;0
addresses sending tab wxgui addressbook appear listacco nts rpc happily ret rn address even tho gh rs problem switching wxgui rpc ui;0
thanks nolisten patch bitcoin exe nolisten datadir path sho ld able start second bitcoin client windows probably beca additional checks possible;0
see delete address works good b add new address asks label b address ser give character address network know network allow address already created option organize date wise address wise credit debit wise description wise etc shows lt date wise cannot changed said send coins address book b tton gets shadows b tton pressed look stays way box goes b minimize bringing back task bar removes shadows pressed b tton look;0
see graphical problems displaying client window time clk send coins address book letters shadows backgro nd etc bit ro gh nice like last version likes sing classic themes windows instead normal;0
b older boost;0
opening blind bitcoin ser co ple concerns accessibility gui bitcoin send coins addressbook b ttons tabstop list blind person screen reader cannot tab activate b ttons rrent address balance accessible via pressing tab arrowing thro gh list transactions screen reader rather starting stat mber confirmations reads long mber ally starting wait long eno gh rest table read b nfort nately wait bringing p transaction details html window displayed b absol tely feedback given screen reader last addressbook tabbing control control works fine b shift tabbing list tab control tabbed co rse concerns excl ding html window read big deal power ser screen reader review rsor read controls however many blind people find method exploring windows conf sing many ask know fixes make easier explore bitcoin interface ccessf lly screen reader sing nvda free open rce screen reader fo nd http www nvda project org;0
application located directory national characters name bitcoin crash segfa lt ub nt directory home andrejka sta bitcoin download lt folder czech ub nt moving bitcoin app directory home andrejka test solved problem;1
reprod r bitcoin wait connect net recycle r dynamic ip get new one wait next block see new blocks show p r client expected behavio r bitcoin sho ld detect disconnected network reconnect notes client still shows connection co nt ip change connection co nt slowly drop st connections;0
need translations help options changed added new translations needed;0
creating new acco nt getacco ntaddress assigning address another acco nt getting new address getacco ntaddress still ret rns old address th creating new acco nt steps reprod getacco ntaddress foo ret rns xyz setacco ntaddress xyz getacco ntaddress foo ret rns xyz;0
tcatm reports glibc detected bitcoind corr pted linked list x b possibly listacco nts;0
able recreate iss sending bitcoins restoring wallet transaction never shows confirmations even tho gh transaction make recipient appear blockexplorer steps performed create new wallet req ested new address received seed bitcoins two transactions new address made archive wallet sent two test payment transactions w faz tcx gdlgd pfakfpglyd xcpre btc btc recover wallet archive many blocks passed r confirmations still shows nconfirmed confirm payment sent confirmed http blockexplorer address w faz tcx gdlgd pfakfpglyd xcpre try get clean load blocks p rged blk db addr log database files except wallet started bitcoin bitcoin datadir letting client catch p recent block waiting least r f rther two test transactions still show nconfirmed test wallet btc balance sed recreate iss http cdn clo dfiles rackspaceclo wallet;0
tcatm given testnet wallet acco nt eq total server balance sho ld impossible copy wallet two different bitcoinds b sho ld still impossible acco nts balances get sync total wallet balance;0
wrote script r nder scapy test list hard coded ip addresses bitcoin client attempt bootstrapping wihen irc responding tested got response addresses remaining answer within second response time arbitrarily chose script addresses script copied pnseed assignment https gith b bitcoin bitcoin blob master net cpp script https gist gith b efddf f usage scapy test bootstrap back p addresses py res lts https gist gith b ef;0
generated block collected b bitcent transaction fee get fficient f nds error trying send exact balance another address seems either wrong behavio r sho ld send amo nt wrong error message balance ok b client forbids send block dcffd bce f f trace pre david box bitcoin getinfo version balance blocks connections proxy generate tr genproclimit diffic lty hashespersec testnet false keypoololdest paytxfee errors david box bitcoin sendtoaddress didcrrt fqmsbrernn kjcktygtvu jj error code message fficient f nds pre;0
g grinbergs took q ick look look mac bitcoin beta app tho ght share ui feedback abo box app modal file window address book window app modal edit address app modal dialog co ld address book sheet edit address esc operate cancel b tton main window reasonable minim size view prefs command keyboard shortc prefs window named options prefs window app modal createmen ref called existing principal ref already associated method selectrow byextendingselection class wxnstableview deprecated r receiving address item ellipsis ser inp req ired abo item ellipsis ser inp req ired ser prefs stored org bitcoin bitcoin plist;0
